ds,sentiment_mean,volume,sentiment_index
2012-09-27,0.23259616019295626,1,0.37076146630305296
2013-06-17,0.8980614602799948,1,0.83658717636398
2014-10-28,0.9271000695508381,1,0.8569142028535702
2016-02-20,0.7580477825440339,1,0.7385776019488073
2016-05-17,0.6052990874365815,1,0.6316535153735906
2016-09-21,0.020534850060859977,1,0.22231854921058558
2017-01-18,0.9983691752219896,1,0.9068025768233763
2019-11-01,0.7125873829121915,1,0.7067553222065176
2020-07-17,0.20172550698577618,1,0.3491520090580269
2021-06-23,0.5824988525622067,1,0.6156933509615282
2022-07-29,0.8785654079506175,1,0.8229399397334158
2023-03-29,0.9944731941309166,1,0.9040753900596252
2023-06-19,0.986945748775018,1,0.8988061783104961
2023-08-13,0.7745260045243244,1,0.7501123573350107
2023-09-07,0.8322044927618643,1,0.7904872991012886
2023-11-10,0.9703211875402159,2,1.0088085178785842
2023-11-11,0.24612563899203677,2,0.5018716338948587
2023-11-15,0.7078849982944366,1,0.7034636529740892
2024-01-19,0.9871142751059722,1,0.8989241467421641
2024-01-20,0.9763325544082693,1,0.8913769422537721
2024-01-28,0.11969321684264878,1,0.2917294059578377
2024-02-29,0.5500156093426892,1,0.5929550807078661
2024-07-24,0.2033708095956024,1,0.35030372088490525
2025-05-15,0.8252245257891453,1,0.7856013222203853
2025-06-08,0.15825299368134704,1,0.3187212497449265
2025-06-13,0.0014205848885123773,1,0.20893856358994226
2025-08-26,0.9809649205530262,1,0.8946195985551019
2025-09-08,0.8989622806733191,1,0.8372177506393069
